{"distance_to_net": -0.4904497491730631, "all_total_edge": 0.3367509592737903, "d_avg_edge": -0.4155945081207819, "distance_to_net_all_avg_edge": 0.0, "distance_to_net_all_total_edge": 0.0014754683888847596, "distance_to_net_o_avg_edge": 0.02118233758377105, "distance_to_net_o_total_edge": -0.0028743685346608, "distance_to_net_o_avg_edges_per_player": 0.3636415648044103, "distance_to_net_d_avg_edge": -0.006225740804390165, "distance_to_net_d_total_edge": -0.0033781065277819133, "distance_to_net_od_mst_ratio": -0.1260652967050249, "distance_to_net_all_ocr": 0.07619556943898237, "distance_to_net_angle_to_attacking_net": -0.00037761634119146, "all_avg_edge_all_total_edge": 0.007211716071760151, "all_avg_edge_o_avg_edge": -0.1208304960184601, "all_avg_edge_o_total_edge": -0.009158845319719002, "all_avg_edge_d_avg_edge": 0.004141537649227092, "all_avg_edge_d_total_edge": 0.04370678486555455, "all_avg_edge_angle_to_attacking_net": 0.0008394729016548962, "all_total_edge_o_avg_edge": 0.016888822678303023, "all_total_edge_o_total_edge": -5.4815998709983165e-05, "all_total_edge_o_avg_edges_per_player": -0.2046968929913362, "all_total_edge_d_avg_edge": -0.0015948959043369903, "all_total_edge_d_total_edge": -0.00919469279803332, "all_total_edge_angle_to_attacking_net": -0.00019542181070919605, "o_avg_edge_o_total_edge": -0.0037256621711792936, "o_avg_edge_d_avg_edge": -0.04304432100772667, "o_avg_edge_d_total_edge": 0.005929986061554561, "o_avg_edge_angle_to_attacking_net": -0.0005248853947085814, "o_total_edge_o_avg_edges_per_player": 0.055662678271720605, "o_total_edge_d_avg_edge": 0.011772513379487915, "o_total_edge_d_total_edge": 0.0012976723601029216, "o_total_edge_angle_to_attacking_net": 7.519409333345498e-05, "o_avg_edges_per_player_d_avg_edge": -1.0893091914634287, "o_avg_edges_per_player_d_total_edge": 0.2735466103014973, "d_avg_edge_d_total_edge": 0.008618359289719092, "d_avg_edge_angle_to_attacking_net": 0.005635000626253057, "d_total_edge_angle_to_attacking_net": -0.0010071339269891806, "od_mst_ratio_angle_to_attacking_net": 0.00833642592957335, "all_ocr_angle_to_attacking_net": -0.00050728501920706, "intercept": 0.0}