{"distance_to_attacking_net": 0.0, "all_total_edge": 0.38936478219016973, "o_total_edge": 0.0, "distance_to_attacking_net_all_avg_edge": 0.06878911389746167, "distance_to_attacking_net_all_total_edge": -0.00573180906630934, "distance_to_attacking_net_o_avg_edge": -0.0013430798216905343, "distance_to_attacking_net_o_total_edge": 0.0010131239790175373, "distance_to_attacking_net_o_avg_edges_per_player": 0.08369935879389824, "distance_to_attacking_net_d_avg_edge": -0.03130701834033162, "distance_to_attacking_net_d_total_edge": 0.0054982342135853415, "distance_to_attacking_net_od_mst_ratio": -0.1222630084498277, "distance_to_attacking_net_all_ocr": 0.0015374987932586087, "distance_to_attacking_net_angle_to_attacking_net": -0.0010107313165328119, "all_avg_edge_all_total_edge": -0.0010140345086516183, "all_avg_edge_o_avg_edge": -0.06196232942981152, "all_avg_edge_o_total_edge": -0.028891608223815528, "all_avg_edge_d_avg_edge": 0.0, "all_avg_edge_d_total_edge": 0.028914943624421274, "all_avg_edge_angle_to_attacking_net": -0.007895015046635019, "all_total_edge_o_avg_edge": 0.029897720582867847, "all_total_edge_o_total_edge": 0.00161791179667795, "all_total_edge_o_avg_edges_per_player": -0.265401110373921, "all_total_edge_d_avg_edge": 0.02630194226265272, "all_total_edge_d_total_edge": -0.022655584223266405, "all_total_edge_angle_to_attacking_net": 0.001614172836686276, "o_avg_edge_o_total_edge": -0.018399877365849613, "o_avg_edge_d_avg_edge": 0.01534795857368752, "o_avg_edge_d_total_edge": -0.007294508440184854, "o_avg_edge_angle_to_attacking_net": -0.001061366621329406, "o_total_edge_o_avg_edges_per_player": 0.06480891691599051, "o_total_edge_d_avg_edge": -0.025355426123082715, "o_total_edge_d_total_edge": 0.01779721425886859, "o_total_edge_od_mst_ratio": 0.0, "o_total_edge_angle_to_attacking_net": -3.254177230523377e-05, "o_avg_edges_per_player_d_total_edge": -0.10645660566633532, "d_avg_edge_d_total_edge": 0.015516355655422835, "d_avg_edge_angle_to_attacking_net": -0.0007971598792780147, "d_total_edge_angle_to_attacking_net": 0.0005846728916627981, "od_mst_ratio_angle_to_attacking_net": 0.004072749801650584, "all_ocr_angle_to_attacking_net": 0.016888573863327403, "intercept": 0.0}