{"distance_to_attacking_net": -0.5091771153164928, "All_Avg_Edge": 0.34217696829707034, "All_Total_Edge": 0.22616337702899056, "O_Avg_Edge": 0.029758747563846888, "O_Total_Edge": 0.14047621130772744, "D_Avg_Edge": 0.0, "D_Total_Edge": -0.030781919698955627, "distance_to_attacking_net_All_Avg_Edge": 0.02312053581155878, "distance_to_attacking_net_All_Total_Edge": -0.0006343546306694864, "distance_to_attacking_net_O_Avg_Edge": 0.0015290687078741113, "distance_to_attacking_net_O_Total_Edge": -0.0005903401747065087, "distance_to_attacking_net_O_Avg_Edges_per_Player": 0.14203554375516309, "distance_to_attacking_net_D_Avg_Edge": -0.021510663512531964, "distance_to_attacking_net_D_Total_Edge": 0.004798064765573239, "distance_to_attacking_net_OD_MST_Ratio": 0.0, "distance_to_attacking_net_All_OCR": 0.06933986115640435, "All_Avg_Edge_All_Total_Edge": 0.010679580423053978, "All_Avg_Edge_O_Avg_Edge": -0.1573265415005044, "All_Avg_Edge_O_Total_Edge": -0.015669813249627393, "All_Avg_Edge_O_Avg_Edges_per_Player": 0.0, "All_Avg_Edge_D_Avg_Edge": 0.1115845693041632, "All_Avg_Edge_D_Total_Edge": 0.0136308810052907, "All_Total_Edge_O_Avg_Edge": 0.0240094815812651, "All_Total_Edge_O_Total_Edge": 0.0005026940585379153, "All_Total_Edge_O_Avg_Edges_per_Player": -0.2476103971884353, "All_Total_Edge_D_Avg_Edge": -0.0012014794374157166, "All_Total_Edge_D_Total_Edge": -0.010336949171253003, "All_Total_Edge_OD_MST_Ratio": -0.0038919961790526095, "O_Avg_Edge_O_Total_Edge": -0.006171624923840759, "O_Avg_Edge_O_Avg_Edges_per_Player": 0.2732555471650528, "O_Avg_Edge_D_Avg_Edge": -0.08663128940354553, "O_Avg_Edge_D_Total_Edge": 0.02128175247870962, "O_Avg_Edge_All_OCR": 0.4359508186449994, "O_Total_Edge_O_Avg_Edges_per_Player": 0.0913463579627903, "O_Total_Edge_D_Avg_Edge": 0.010139742268468904, "O_Total_Edge_D_Total_Edge": 0.00025898307588393917, "O_Total_Edge_OD_MST_Ratio": -0.04686425159311485, "O_Avg_Edges_per_Player_D_Avg_Edge": 0.0, "O_Avg_Edges_per_Player_D_Total_Edge": 0.05177517902404211, "D_Avg_Edge_D_Total_Edge": 0.009958970619214861, "D_Avg_Edge_OD_MST_Ratio": 0.029866142237341815, "D_Avg_Edge_All_OCR": -0.7503122731422988, "D_Total_Edge_OD_MST_Ratio": -0.05698578766297933, "D_Total_Edge_All_OCR": -0.022126174019025273, "OD_MST_Ratio_All_OCR": 0.0, "intercept": 0.0}