{"distance_to_attacking_net": 0.0, "all_total_edge": 0.09900538239777594, "d_total_edge": -0.15515008540792138, "distance_to_attacking_net_all_avg_edge": 0.0395563961600445, "distance_to_attacking_net_all_total_edge": -0.0017253893735194265, "distance_to_attacking_net_o_avg_edge": 0.006557397048961733, "distance_to_attacking_net_o_total_edge": -0.0003562939069249665, "distance_to_attacking_net_o_avg_edges_per_player": -0.0044704534225967155, "distance_to_attacking_net_d_avg_edge": -0.016635743154250517, "distance_to_attacking_net_d_total_edge": 0.0011844330312942854, "distance_to_attacking_net_od_mst_ratio": -0.11727449052130517, "distance_to_attacking_net_all_ocr": -0.04764809215061796, "distance_to_attacking_net_angle_to_attacking_net": -0.00043405761107931937, "all_avg_edge_all_total_edge": -0.00107847192337814, "all_avg_edge_o_avg_edge": -0.12937953777293193, "all_avg_edge_o_total_edge": -0.001234009295300008, "all_avg_edge_d_avg_edge": -0.0008604795746095799, "all_avg_edge_d_total_edge": 0.032293064768285265, "all_avg_edge_angle_to_attacking_net": -0.0029452079352352773, "all_total_edge_o_avg_edge": 0.02187514188793868, "all_total_edge_o_total_edge": -0.0006635200109228602, "all_total_edge_o_avg_edges_per_player": -0.08903686139207262, "all_total_edge_d_avg_edge": 0.004709887643399568, "all_total_edge_d_total_edge": -0.010039478034605828, "all_total_edge_angle_to_attacking_net": 0.0007123598116270056, "o_avg_edge_o_total_edge": -0.006282044826036956, "o_avg_edge_d_avg_edge": -0.03997705934173067, "o_avg_edge_d_total_edge": 0.01105630214177509, "o_avg_edge_angle_to_attacking_net": 0.00019441480846570152, "o_total_edge_o_avg_edges_per_player": 0.10171682616651413, "o_total_edge_d_avg_edge": 0.0013561727791762729, "o_total_edge_d_total_edge": 0.0032645391879663798, "o_total_edge_angle_to_attacking_net": -0.00044019102696092236, "o_avg_edges_per_player_d_avg_edge": 0.0, "o_avg_edges_per_player_d_total_edge": 0.03710445748022261, "d_avg_edge_d_total_edge": 0.010891916381983021, "d_avg_edge_angle_to_attacking_net": 0.001431434125562621, "d_total_edge_angle_to_attacking_net": -0.0005370991642557519, "od_mst_ratio_angle_to_attacking_net": 0.007167586621346893, "all_ocr_angle_to_attacking_net": 0.022083123413273332, "intercept": 0.0}