{"distance_to_attacking_net": -0.5266272911538359, "all_avg_edge": 0.410587724231978, "all_total_edge": 0.2703709789226026, "o_avg_edge": 0.06943504351127987, "o_total_edge": 0.1463195725279632, "d_avg_edge": 0.0, "d_total_edge": -0.08470177229390717, "distance_to_attacking_net_all_avg_edge": 0.024064459294279097, "distance_to_attacking_net_all_total_edge": -0.0006084993263529085, "distance_to_attacking_net_o_avg_edge": 0.0016387770215850184, "distance_to_attacking_net_o_total_edge": -0.0006918424998208567, "distance_to_attacking_net_o_avg_edges_per_player": 0.14516985908323266, "distance_to_attacking_net_d_avg_edge": -0.022921085585798407, "distance_to_attacking_net_d_total_edge": 0.005173234121457981, "distance_to_attacking_net_od_mst_ratio": 0.0, "distance_to_attacking_net_all_ocr": 0.07295564903453045, "all_avg_edge_all_total_edge": 0.010319406984807704, "all_avg_edge_o_avg_edge": -0.16469196463562522, "all_avg_edge_o_total_edge": -0.015086494841241126, "all_avg_edge_o_avg_edges_per_player": 0.0, "all_avg_edge_d_avg_edge": 0.12042180566723898, "all_avg_edge_d_total_edge": 0.012559634060072003, "all_total_edge_o_avg_edge": 0.024791373519953964, "all_total_edge_o_total_edge": 0.00050170518057343, "all_total_edge_o_avg_edges_per_player": -0.282433504061615, "all_total_edge_d_avg_edge": 0.00012641762963757882, "all_total_edge_d_total_edge": -0.010844517654196225, "all_total_edge_od_mst_ratio": -0.0036597096649729067, "o_avg_edge_o_total_edge": -0.0062239272474715595, "o_avg_edge_o_avg_edges_per_player": 0.24007642898646053, "o_avg_edge_d_avg_edge": -0.09563174635794448, "o_avg_edge_d_total_edge": 0.024790215291363816, "o_avg_edge_all_ocr": 0.40970678611577405, "o_total_edge_o_avg_edges_per_player": 0.09985649034894285, "o_total_edge_d_avg_edge": 0.009656623170643993, "o_total_edge_d_total_edge": 0.00014963674577761393, "o_total_edge_od_mst_ratio": -0.048299005077435904, "o_avg_edges_per_player_d_avg_edge": 0.0, "o_avg_edges_per_player_d_total_edge": 0.09426631755869402, "d_avg_edge_d_total_edge": 0.009545556918921259, "d_avg_edge_od_mst_ratio": 0.06917148937997025, "d_avg_edge_all_ocr": -0.8035736537411994, "d_total_edge_od_mst_ratio": -0.0789146623802193, "d_total_edge_all_ocr": -0.01194705412646634, "od_mst_ratio_all_ocr": 0.3634827384901254, "intercept": 0.0}