{"distance_to_attacking_net": 0.0, "all_total_edge": 0.45608540511604695, "o_total_edge": -0.190493378587087, "distance_to_attacking_net_all_avg_edge": 0.0828194581969118, "distance_to_attacking_net_all_total_edge": -0.002732223494109341, "distance_to_attacking_net_o_avg_edge": 0.0033146650984442094, "distance_to_attacking_net_o_total_edge": 0.0018988577782998713, "distance_to_attacking_net_o_avg_edges_per_player": -0.09152705490907638, "distance_to_attacking_net_d_avg_edge": -0.05062292204178539, "distance_to_attacking_net_d_total_edge": 0.003914818832121209, "distance_to_attacking_net_od_mst_ratio": -0.24043995837031998, "distance_to_attacking_net_all_ocr": -0.051698949775976576, "distance_to_attacking_net_angle_to_attacking_net": 5.832819266762734e-05, "all_avg_edge_all_total_edge": -0.03466009561904712, "all_avg_edge_o_avg_edge": -0.1767970790247069, "all_avg_edge_o_total_edge": 0.026712860618923945, "all_avg_edge_d_avg_edge": 0.05037077150387976, "all_avg_edge_d_total_edge": 0.006129761264050152, "all_avg_edge_angle_to_attacking_net": -0.0009569487194959903, "all_total_edge_o_avg_edge": 0.05104166274965839, "all_total_edge_o_total_edge": -0.0026545258706432346, "all_total_edge_o_avg_edges_per_player": -0.30684101769832534, "all_total_edge_d_avg_edge": 0.013805680137586833, "all_total_edge_d_total_edge": -0.009491389313378857, "all_total_edge_angle_to_attacking_net": -7.529692918577688e-05, "o_avg_edge_o_total_edge": -0.021645059110201734, "o_avg_edge_d_avg_edge": -0.10260202301892608, "o_avg_edge_d_total_edge": 0.025302563955396467, "o_avg_edge_angle_to_attacking_net": -0.001135240728887363, "o_total_edge_o_avg_edges_per_player": 0.3484512721586017, "o_total_edge_d_avg_edge": -0.008848392802360243, "o_total_edge_d_total_edge": 0.0021889618006274356, "o_total_edge_angle_to_attacking_net": -8.664642273867614e-06, "o_avg_edges_per_player_d_avg_edge": 0.0, "o_avg_edges_per_player_d_total_edge": -0.05235266783947283, "d_avg_edge_d_total_edge": 0.0162805963583345, "d_avg_edge_angle_to_attacking_net": 0.006811836067865791, "d_total_edge_angle_to_attacking_net": -0.0014115829615577232, "od_mst_ratio_angle_to_attacking_net": 0.0023428961757065276, "all_ocr_angle_to_attacking_net": 0.04145653677776249, "intercept": 0.0}