{"distance_to_attacking_net": -0.13076544178417698, "all_total_edge": -0.002523595664876389, "d_avg_edge": -0.08482857273702685, "d_total_edge": -0.018892051977922812, "distance_to_attacking_net_all_avg_edge": 0.0064493719626632405, "distance_to_attacking_net_all_total_edge": -0.0018041281256375053, "distance_to_attacking_net_o_avg_edge": 0.007876978430974423, "distance_to_attacking_net_o_total_edge": 0.0008324166441854362, "distance_to_attacking_net_o_avg_edges_per_player": 0.10752815028518277, "distance_to_attacking_net_d_avg_edge": 0.010240239771110927, "distance_to_attacking_net_d_total_edge": -0.004004848488950874, "distance_to_attacking_net_od_mst_ratio": -0.05513598667207971, "distance_to_attacking_net_all_ocr": 0.0004064260199988079, "distance_to_attacking_net_angle_to_attacking_net": -0.0002874339073751623, "all_avg_edge_all_total_edge": 0.010683833783351585, "all_avg_edge_o_avg_edge": -0.055013894888534386, "all_avg_edge_o_total_edge": -0.025980559153122633, "all_avg_edge_d_avg_edge": -0.006780405733088426, "all_avg_edge_d_total_edge": 0.029159154159343587, "all_avg_edge_angle_to_attacking_net": 0.00035110206470591456, "all_total_edge_o_avg_edge": 0.011592865424758583, "all_total_edge_o_total_edge": 0.0008283818957972018, "all_total_edge_o_avg_edges_per_player": 0.05029901936795666, "all_total_edge_d_avg_edge": -0.005966452273681776, "all_total_edge_d_total_edge": -0.005061539289161574, "all_total_edge_angle_to_attacking_net": -0.00028543996034361113, "o_avg_edge_o_total_edge": -0.003840434736357846, "o_avg_edge_d_avg_edge": -0.02059798293519345, "o_avg_edge_d_total_edge": -0.00030674877459310225, "o_avg_edge_angle_to_attacking_net": 0.0005643109018030178, "o_total_edge_d_avg_edge": 0.012570015300108853, "o_total_edge_d_total_edge": 0.0012472145355574779, "o_total_edge_angle_to_attacking_net": 0.0001840420009789523, "o_avg_edges_per_player_d_avg_edge": -0.13252382945256896, "o_avg_edges_per_player_d_total_edge": -0.02781803843197396, "d_avg_edge_d_total_edge": 0.00440412935613189, "d_avg_edge_angle_to_attacking_net": -0.002956937795375805, "d_total_edge_angle_to_attacking_net": 0.000871769712587769, "od_mst_ratio_angle_to_attacking_net": -0.0013383798575120024, "all_ocr_angle_to_attacking_net": 0.015047390066126045, "intercept": 0.0}