{"distance_to_attacking_net": -0.5117710236128704, "all_avg_edge": 0.0, "all_total_edge": 0.9632001750301332, "o_avg_edge": 0.12386221490821661, "o_total_edge": 0.0, "d_avg_edge": 0.0, "d_total_edge": -0.16649753108460688, "distance_to_attacking_net_all_avg_edge": 0.014168021338025505, "distance_to_attacking_net_all_total_edge": 0.0016123056120001126, "distance_to_attacking_net_o_avg_edge": 0.005325942128616791, "distance_to_attacking_net_o_total_edge": -0.002758611110526673, "distance_to_attacking_net_o_avg_edges_per_player": 0.19179565916094415, "distance_to_attacking_net_d_avg_edge": -0.03014910890481473, "distance_to_attacking_net_d_total_edge": 0.006488337389360191, "distance_to_attacking_net_od_mst_ratio": -0.0006218131017897475, "distance_to_attacking_net_all_ocr": -0.003012732419516466, "all_avg_edge_all_total_edge": 0.0007820894360218025, "all_avg_edge_o_avg_edge": -0.08823678364512753, "all_avg_edge_o_total_edge": 0.013672815505794501, "all_avg_edge_o_avg_edges_per_player": 0.0, "all_avg_edge_d_avg_edge": 0.14117033921853098, "all_avg_edge_d_total_edge": -0.02205294398830438, "all_total_edge_o_avg_edge": 0.026501464357424995, "all_total_edge_o_total_edge": -0.0002707885598943372, "all_total_edge_o_avg_edges_per_player": -0.49669268201251854, "all_total_edge_d_avg_edge": 0.012579787182732274, "all_total_edge_d_total_edge": -0.01567698757201078, "all_total_edge_od_mst_ratio": -0.19297815044334954, "o_avg_edge_o_total_edge": -0.021173463101817388, "o_avg_edge_o_avg_edges_per_player": 0.0, "o_avg_edge_d_avg_edge": -0.2066256271054176, "o_avg_edge_d_total_edge": 0.04612027015366954, "o_avg_edge_all_ocr": 0.3970480393666622, "o_total_edge_o_avg_edges_per_player": 0.04734342692620169, "o_total_edge_d_avg_edge": 0.009008541431360343, "o_total_edge_d_total_edge": 0.004901297257373206, "o_total_edge_od_mst_ratio": 0.10557875459705991, "o_total_edge_all_ocr": 0.08965266996902403, "o_avg_edges_per_player_d_avg_edge": 0.0, "o_avg_edges_per_player_d_total_edge": 0.07616379925331444, "d_avg_edge_d_total_edge": 0.02160181065288565, "d_avg_edge_od_mst_ratio": 0.1251148425961676, "d_avg_edge_all_ocr": -0.17620014497130002, "d_total_edge_all_ocr": -0.2554098767862022, "od_mst_ratio_all_ocr": 0.0, "intercept": 0.10908353250844258}