{"distance_to_attacking_net": 0.0, "all_total_edge": 0.06213100725183093, "d_avg_edge": 0.0, "d_total_edge": -0.21225578269049955, "distance_to_attacking_net_all_avg_edge": 0.03865034588585135, "distance_to_attacking_net_all_total_edge": -0.0037315843778934128, "distance_to_attacking_net_o_avg_edge": 0.009558799932680304, "distance_to_attacking_net_o_total_edge": 0.0012510370411434283, "distance_to_attacking_net_o_avg_edges_per_player": 0.24847239227261195, "distance_to_attacking_net_d_avg_edge": 0.01800210690279021, "distance_to_attacking_net_d_total_edge": -0.008595035901492989, "distance_to_attacking_net_od_mst_ratio": -0.08761132608361667, "distance_to_attacking_net_all_ocr": 0.00963710956311365, "distance_to_attacking_net_angle_to_attacking_net": -0.0011972065027870172, "all_avg_edge_all_total_edge": 0.010515742322220637, "all_avg_edge_o_avg_edge": -0.11954001632414964, "all_avg_edge_o_total_edge": -0.03694223680485096, "all_avg_edge_d_avg_edge": 0.04445910251949879, "all_avg_edge_d_total_edge": 0.06277255897105215, "all_avg_edge_angle_to_attacking_net": -0.002908278175741025, "all_total_edge_o_avg_edge": 0.021869954858734764, "all_total_edge_o_total_edge": 0.0021565474004336836, "all_total_edge_o_avg_edges_per_player": 0.0, "all_total_edge_d_avg_edge": -0.009022643298640899, "all_total_edge_d_total_edge": -0.008294186799394032, "all_total_edge_angle_to_attacking_net": -0.00036422632196298583, "o_avg_edge_o_total_edge": -0.010462389556300232, "o_avg_edge_d_avg_edge": -0.10747487569373441, "o_avg_edge_d_total_edge": 0.013632030983988588, "o_avg_edge_angle_to_attacking_net": 0.0021132330641679587, "o_total_edge_d_avg_edge": 0.015660728669715216, "o_total_edge_d_total_edge": 0.0013501603446885314, "o_total_edge_angle_to_attacking_net": 0.00039524582376259006, "o_avg_edges_per_player_d_avg_edge": 0.0, "o_avg_edges_per_player_d_total_edge": -0.04767058634714805, "d_avg_edge_d_total_edge": 0.001682320350119418, "d_avg_edge_angle_to_attacking_net": 0.00010060404245699772, "d_total_edge_angle_to_attacking_net": 0.0005940373539846881, "od_mst_ratio_angle_to_attacking_net": 0.0022296305609360305, "all_ocr_angle_to_attacking_net": 0.004386486354392912, "intercept": 0.0}