{"distance_to_attacking_net": 0.28730501842437794, "all_total_edge": 0.0, "o_total_edge": 0.0, "distance_to_attacking_net_all_avg_edge": -0.023782505435339833, "distance_to_attacking_net_all_total_edge": 0.003131416457934455, "distance_to_attacking_net_o_avg_edge": 0.010561331236078811, "distance_to_attacking_net_o_total_edge": -0.0012359173684035902, "distance_to_attacking_net_o_avg_edges_per_player": 0.08317230982472863, "distance_to_attacking_net_d_avg_edge": -0.01915314989364018, "distance_to_attacking_net_d_total_edge": 0.002714398280233316, "distance_to_attacking_net_od_mst_ratio": -0.10985368007425561, "distance_to_attacking_net_all_ocr": -0.13290220729627347, "distance_to_attacking_net_angle_to_attacking_net": -0.0005040813217280783, "all_avg_edge_all_total_edge": 0.01369413095127152, "all_avg_edge_o_avg_edge": -0.20720359234335678, "all_avg_edge_o_total_edge": -0.010342817476832817, "all_avg_edge_d_avg_edge": -0.0021276109705704225, "all_avg_edge_d_total_edge": 0.07986298157985626, "all_avg_edge_angle_to_attacking_net": 0.0012418645557105566, "all_total_edge_o_avg_edge": 0.023861560889186725, "all_total_edge_o_total_edge": -0.00037366852960567823, "all_total_edge_o_avg_edges_per_player": -0.09307521222067112, "all_total_edge_d_avg_edge": -0.016578007632508326, "all_total_edge_d_total_edge": -0.006645913948405782, "all_total_edge_angle_to_attacking_net": -0.0001599922267425465, "o_avg_edge_o_total_edge": 0.0030223591124145617, "o_avg_edge_d_avg_edge": 0.01851517677516131, "o_avg_edge_d_total_edge": -0.01002992031984127, "o_avg_edge_angle_to_attacking_net": 0.0003376290524905225, "o_total_edge_o_avg_edges_per_player": 0.0470984091459917, "o_total_edge_d_avg_edge": 0.008920131969638041, "o_total_edge_d_total_edge": 0.0011440666445843458, "o_total_edge_angle_to_attacking_net": -0.00016580354493134146, "o_avg_edges_per_player_d_avg_edge": 0.0, "o_avg_edges_per_player_d_total_edge": -0.1213168813004893, "d_avg_edge_d_total_edge": 0.0013058743022143307, "d_avg_edge_angle_to_attacking_net": 0.0037325096621838093, "d_total_edge_angle_to_attacking_net": -0.000882866956806824, "od_mst_ratio_angle_to_attacking_net": 0.0032946733906718748, "all_ocr_angle_to_attacking_net": 0.02924440574340913, "intercept": 0.0}