{"distance_to_attacking_net": -0.8056753376361663, "All_Total_Edge": 0.4267004511843092, "O_Avg_Edge": 0.8501074228974139, "O_Total_Edge": -0.1580391424959759, "distance_to_attacking_net_All_Avg_Edge": 0.005883431452730164, "distance_to_attacking_net_All_Total_Edge": 0.002424732337392013, "distance_to_attacking_net_O_Avg_Edge": -0.01217636438688161, "distance_to_attacking_net_O_Total_Edge": -0.0030214273738379486, "distance_to_attacking_net_O_Avg_Edges_per_Player": 0.17961054636879217, "distance_to_attacking_net_D_Avg_Edge": 0.02089314935836452, "distance_to_attacking_net_D_Total_Edge": -0.001166687514879716, "distance_to_attacking_net_OD_MST_Ratio": 0.17902389222477136, "distance_to_attacking_net_All_OCR": 0.1676860967767176, "All_Avg_Edge_All_Total_Edge": -0.0032246150865343154, "All_Avg_Edge_O_Avg_Edge": -0.0033413141894488097, "All_Avg_Edge_O_Total_Edge": -0.0038845377310049584, "All_Avg_Edge_O_Avg_Edges_per_Player": -1.5298388421446318, "All_Avg_Edge_D_Avg_Edge": 0.16691166024837714, "All_Avg_Edge_D_Total_Edge": -0.01968941924462232, "All_Avg_Edge_OD_MST_Ratio": 0.15286714348017208, "All_Total_Edge_O_Avg_Edge": 0.024675663280743457, "All_Total_Edge_O_Total_Edge": -0.001547096607468059, "All_Total_Edge_O_Avg_Edges_per_Player": 0.12160178459336467, "All_Total_Edge_D_Avg_Edge": -0.04073946790417875, "All_Total_Edge_D_Total_Edge": 0.0025874839854160333, "All_Total_Edge_OD_MST_Ratio": -0.23841019407676836, "All_Total_Edge_All_OCR": -0.3105870226845211, "O_Avg_Edge_O_Total_Edge": 0.0013115928310132579, "O_Avg_Edge_O_Avg_Edges_per_Player": -0.23904718895302302, "O_Avg_Edge_D_Avg_Edge": -0.07032403963507239, "O_Avg_Edge_D_Total_Edge": -0.01867973968825124, "O_Avg_Edge_OD_MST_Ratio": -0.25872776272489684, "O_Total_Edge_O_Avg_Edges_per_Player": -0.0770310960403926, "O_Total_Edge_D_Avg_Edge": 0.011534804090731607, "O_Total_Edge_D_Total_Edge": 0.002417660458094779, "O_Total_Edge_OD_MST_Ratio": 0.045853804889864354, "O_Total_Edge_All_OCR": 0.3214634110470601, "D_Avg_Edge_D_Total_Edge": 0.011615331877032236, "D_Avg_Edge_OD_MST_Ratio": 0.8501074228974079, "D_Total_Edge_OD_MST_Ratio": 0.10833335159961396, "intercept": 0.2804112403523309}