{"distance_to_attacking_net": -0.8136195893408792, "All_Total_Edge": 0.44641096741755704, "O_Avg_Edge": 0.7591561782035613, "O_Total_Edge": -0.13626790684717613, "distance_to_attacking_net_All_Avg_Edge": 0.004418858972436258, "distance_to_attacking_net_All_Total_Edge": 0.0025258491554741302, "distance_to_attacking_net_O_Avg_Edge": -0.011484871491342245, "distance_to_attacking_net_O_Total_Edge": -0.0031081699734241052, "distance_to_attacking_net_O_Avg_Edges_per_Player": 0.19006035715857053, "distance_to_attacking_net_D_Avg_Edge": 0.020719398701219652, "distance_to_attacking_net_D_Total_Edge": -0.0011304647509934552, "distance_to_attacking_net_OD_MST_Ratio": 0.1757308751159742, "distance_to_attacking_net_All_OCR": 0.16556908095642012, "All_Avg_Edge_All_Total_Edge": -0.0035317390352814114, "All_Avg_Edge_O_Avg_Edge": 0.007552112708073338, "All_Avg_Edge_O_Total_Edge": -0.005362062825118257, "All_Avg_Edge_O_Avg_Edges_per_Player": -1.3116734057439845, "All_Avg_Edge_D_Avg_Edge": 0.1566504672207727, "All_Avg_Edge_D_Total_Edge": -0.02014843010254504, "All_Avg_Edge_OD_MST_Ratio": 0.04086305204493874, "All_Total_Edge_O_Avg_Edge": 0.02216272539889931, "All_Total_Edge_O_Total_Edge": -0.0011726707290296622, "All_Total_Edge_O_Avg_Edges_per_Player": 0.07715874930737107, "All_Total_Edge_D_Avg_Edge": -0.038476874178900125, "All_Total_Edge_D_Total_Edge": 0.0025662246495935957, "All_Total_Edge_OD_MST_Ratio": -0.21254774710319194, "All_Total_Edge_All_OCR": -0.30652819905416157, "O_Avg_Edge_O_Total_Edge": 0.0017555430248502055, "O_Avg_Edge_O_Avg_Edges_per_Player": -0.19757766679203442, "O_Avg_Edge_D_Avg_Edge": -0.06675441576410177, "O_Avg_Edge_D_Total_Edge": -0.01831526737974982, "O_Avg_Edge_OD_MST_Ratio": -0.2388628090478134, "O_Total_Edge_O_Avg_Edges_per_Player": -0.07495814690246014, "O_Total_Edge_D_Avg_Edge": 0.01019807272992537, "O_Total_Edge_D_Total_Edge": 0.002353260319754573, "O_Total_Edge_OD_MST_Ratio": 0.03201339370941295, "O_Total_Edge_All_OCR": 0.31725285827598415, "D_Avg_Edge_D_Total_Edge": 0.011431063135494211, "D_Avg_Edge_OD_MST_Ratio": 0.7591561782035574, "D_Total_Edge_OD_MST_Ratio": 0.11424597623672843, "intercept": 0.19408805308026814}