{"distance_to_attacking_net": 0.5814092738081134, "all_total_edge": 0.17466989323404883, "d_total_edge": -0.43532610321941473, "distance_to_attacking_net_all_avg_edge": 0.041031828127178836, "distance_to_attacking_net_all_total_edge": -0.0008516438808501003, "distance_to_attacking_net_o_avg_edge": 0.007356725774281388, "distance_to_attacking_net_o_total_edge": -0.0012218438535397834, "distance_to_attacking_net_o_avg_edges_per_player": -0.013638354233586277, "distance_to_attacking_net_d_avg_edge": -0.020010623061982934, "distance_to_attacking_net_d_total_edge": 0.0005221922157079753, "distance_to_attacking_net_od_mst_ratio": -0.14021789319972083, "distance_to_attacking_net_all_ocr": -0.01983924172028748, "distance_to_attacking_net_angle_to_attacking_net": -0.00064644406090499, "all_avg_edge_all_total_edge": -0.009970855702940788, "all_avg_edge_o_avg_edge": -0.1859829794412544, "all_avg_edge_o_total_edge": 0.014813334617110152, "all_avg_edge_d_avg_edge": -0.008032590981820362, "all_avg_edge_d_total_edge": 0.04605278364937302, "all_avg_edge_angle_to_attacking_net": -0.000400961153525026, "all_total_edge_o_avg_edge": 0.030026251426958108, "all_total_edge_o_total_edge": -0.0015263846318987902, "all_total_edge_o_avg_edges_per_player": -0.35947244731943473, "all_total_edge_d_avg_edge": 0.015727189371566426, "all_total_edge_d_total_edge": -0.014138347899278186, "all_total_edge_angle_to_attacking_net": 0.0005202717361569068, "o_avg_edge_o_total_edge": -0.009611756356459953, "o_avg_edge_d_avg_edge": -0.002116213084196835, "o_avg_edge_d_total_edge": 0.0005352864102603617, "o_avg_edge_angle_to_attacking_net": 0.00028101094577268114, "o_total_edge_o_avg_edges_per_player": 0.19299103192260808, "o_total_edge_d_avg_edge": -0.01118953204688724, "o_total_edge_d_total_edge": 0.0066568033767804855, "o_total_edge_angle_to_attacking_net": -0.00021595745254172593, "o_avg_edges_per_player_d_avg_edge": 0.0, "o_avg_edges_per_player_d_total_edge": 0.21777381903840093, "d_avg_edge_d_total_edge": 0.013165066591971435, "d_avg_edge_angle_to_attacking_net": -0.0007230719421823849, "d_total_edge_angle_to_attacking_net": 6.496134612928062e-05, "od_mst_ratio_angle_to_attacking_net": 0.0007904634363176795, "all_ocr_angle_to_attacking_net": 0.004288895338997728, "intercept": 0.0}