{"distance_to_attacking_net": -0.5285968050759511, "All_Avg_Edge": 0.41602128345373585, "All_Total_Edge": 0.2920636046188984, "O_Avg_Edge": 0.08710543923572503, "O_Total_Edge": 0.14944883414354904, "D_Avg_Edge": 0.0, "D_Total_Edge": -0.10884607952587524, "distance_to_attacking_net_All_Avg_Edge": 0.024209201558254984, "distance_to_attacking_net_All_Total_Edge": -0.0005809336597899753, "distance_to_attacking_net_O_Avg_Edge": 0.001659653175315556, "distance_to_attacking_net_O_Total_Edge": -0.0007169725125530805, "distance_to_attacking_net_O_Avg_Edges_per_Player": 0.14342010007860284, "distance_to_attacking_net_D_Avg_Edge": -0.02348999122195691, "distance_to_attacking_net_D_Total_Edge": 0.0053284531023269415, "distance_to_attacking_net_OD_MST_Ratio": 0.0, "distance_to_attacking_net_All_OCR": 0.07432683189763699, "All_Avg_Edge_All_Total_Edge": 0.01024051037797117, "All_Avg_Edge_O_Avg_Edge": -0.16730173782917676, "All_Avg_Edge_O_Total_Edge": -0.014828342380162665, "All_Avg_Edge_O_Avg_Edges_per_Player": 0.0, "All_Avg_Edge_D_Avg_Edge": 0.12553839813960174, "All_Avg_Edge_D_Total_Edge": 0.012038476817745742, "All_Total_Edge_O_Avg_Edge": 0.025111240897569602, "All_Total_Edge_O_Total_Edge": 0.0004961917046776365, "All_Total_Edge_O_Avg_Edges_per_Player": -0.2970566240399219, "All_Total_Edge_D_Avg_Edge": 0.0005595222330169195, "All_Total_Edge_D_Total_Edge": -0.011086366491142587, "All_Total_Edge_OD_MST_Ratio": -0.004120598373219945, "O_Avg_Edge_O_Total_Edge": -0.0062625749912798186, "O_Avg_Edge_O_Avg_Edges_per_Player": 0.2257260538446112, "O_Avg_Edge_D_Avg_Edge": -0.1006106101239641, "O_Avg_Edge_D_Total_Edge": 0.02650074429638269, "O_Avg_Edge_All_OCR": 0.39365173983467766, "O_Total_Edge_O_Avg_Edges_per_Player": 0.10234437507195268, "O_Total_Edge_D_Avg_Edge": 0.009517756745585639, "O_Total_Edge_D_Total_Edge": 0.00011382192722127276, "O_Total_Edge_OD_MST_Ratio": -0.048614031955753506, "O_Avg_Edges_per_Player_D_Avg_Edge": 0.0, "O_Avg_Edges_per_Player_D_Total_Edge": 0.1129527439530298, "D_Avg_Edge_D_Total_Edge": 0.009384680270363214, "D_Avg_Edge_OD_MST_Ratio": 0.08728698573650304, "D_Avg_Edge_All_OCR": -0.8071282675518646, "D_Total_Edge_OD_MST_Ratio": -0.08816548146201934, "D_Total_Edge_All_OCR": -0.011107460006395772, "OD_MST_Ratio_All_OCR": 0.5452752236617715, "intercept": 0.0}