distance_to_attacking_net,all_avg_edge,all_total_edge,o_avg_edge,o_total_edge,o_avg_edges_per_player,d_avg_edge,d_total_edge,od_mst_ratio,all_ocr,angle_to_attacking_net,type
6.800735254,4.93569412197006,29.61416473182036,4.5015137747044625,4.5015137747044625,1.0,5.403451210935085,17.059708462712802,0.32849808999599883,0.1111111111111111,2.009553799999992,minimum
96.9703563,27.88383144408644,167.30298866451864,44.08701060618533,144.14233724807994,1.6666666666666667,40.67138454978932,103.55770013374617,4.409040516478076,1.0,358.3397176,maximum
